{"cameraMode":{"drawMode":0,"name":"Shaded","section":"Shading Mode"},"sceneLighting":false,"audioPlay":false,"sceneViewState":{"showFog":true,"showMaterialUpdate":false,"showSkybox":false,"showFlares":true,"showImageEffects":true,"showParticleSystems":true},"in2DMode":false,"pivot":{"x":125.5650634765625,"y":13.569792747497559,"z":67.17232513427735},"rotation":{"x":-0.02097422257065773,"y":-0.04885824769735336,"z":0.00102592958137393,"w":-0.9985849261283875},"size":4.24523401260376,"orthographic":false}