{"cameraMode":{"drawMode":0,"name":"Shaded","section":"Shading Mode"},"sceneLighting":true,"audioPlay":false,"sceneViewState":{"showFog":true,"showMaterialUpdate":false,"showSkybox":true,"showFlares":true,"showImageEffects":true,"showParticleSystems":true},"in2DMode":false,"pivot":{"x":4.511869430541992,"y":-2.130125045776367,"z":-0.2805716097354889},"rotation":{"x":0.03705034777522087,"y":-0.9563899040222168,"z":0.25390884280204775,"w":0.13955630362033845},"size":35.02206802368164,"orthographic":false}